{
    "Ar36": {
        "error": 0.00017953127073778294, 
        "filter_outliers_dict": {
            "filter_outliers": true, 
            "iterations": 1, 
            "std_devs": 2
        }, 
        "fit": "Parabolic", 
        "value": 0.005130569262700576
    }, 
    "Ar37": {
        "error": 0.0049987039657134495, 
        "filter_outliers_dict": {
            "filter_outliers": true, 
            "iterations": 1, 
            "std_devs": 2
        }, 
        "fit": "linear", 
        "value": 0.02966174969691952
    }, 
    "Ar38": {
        "error": 0.002306189027301183, 
        "filter_outliers_dict": {
            "filter_outliers": true, 
            "iterations": 1, 
            "std_devs": 2
        }, 
        "fit": "linear", 
        "value": -0.01732708129651052
    }, 
    "Ar39": {
        "error": 0.008858315695452411, 
        "filter_outliers_dict": {
            "filter_outliers": true, 
            "iterations": 1, 
            "std_devs": 2
        }, 
        "fit": "Parabolic", 
        "value": -0.05534569628494963
    }, 
    "Ar40": {
        "error": 0.007813089082031405, 
        "filter_outliers_dict": {
            "filter_outliers": true, 
            "iterations": 1, 
            "std_devs": 2
        }, 
        "fit": "Parabolic", 
        "value": 0.4412096061039009
    }, 
    "PM41": {
        "error": 0.06380029035422276, 
        "filter_outliers_dict": {
            "filter_outliers": false, 
            "iterations": 1, 
            "std_devs": 2
        }, 
        "fit": "linear", 
        "value": -0.17145065055249442
    }
}