{
    "Ar36": {
        "error": 0.0001774821337341637, 
        "filter_outliers_dict": {
            "filter_outliers": true, 
            "iterations": 1, 
            "std_devs": 2
        }, 
        "fit": "Parabolic", 
        "value": 0.004651829857273838
    }, 
    "Ar37": {
        "error": 0.0046193756289157695, 
        "filter_outliers_dict": {
            "filter_outliers": true, 
            "iterations": 1, 
            "std_devs": 2
        }, 
        "fit": "linear", 
        "value": 0.025575535565639764
    }, 
    "Ar38": {
        "error": 0.0024137286282827812, 
        "filter_outliers_dict": {
            "filter_outliers": true, 
            "iterations": 1, 
            "std_devs": 2
        }, 
        "fit": "linear", 
        "value": -0.005733649076886426
    }, 
    "Ar39": {
        "error": 0.008592840371120408, 
        "filter_outliers_dict": {
            "filter_outliers": true, 
            "iterations": 1, 
            "std_devs": 2
        }, 
        "fit": "Parabolic", 
        "value": -0.05003089708656429
    }, 
    "Ar40": {
        "error": 0.00866199984121356, 
        "filter_outliers_dict": {
            "filter_outliers": true, 
            "iterations": 1, 
            "std_devs": 2
        }, 
        "fit": "Parabolic", 
        "value": 0.6096392679810132
    }, 
    "PM41": {
        "error": 0.062134794551485475, 
        "filter_outliers_dict": {
            "filter_outliers": false, 
            "iterations": 1, 
            "std_devs": 2
        }, 
        "fit": "linear", 
        "value": -0.18181308822062636
    }
}