{
    "Ar36": {
        "error": 0.00016474593209770587, 
        "filter_outliers_dict": {
            "filter_outliers": true, 
            "iterations": 1, 
            "std_devs": 2
        }, 
        "fit": "Parabolic", 
        "value": 0.00391926178428763
    }, 
    "Ar37": {
        "error": 0.004882740578680262, 
        "filter_outliers_dict": {
            "filter_outliers": true, 
            "iterations": 1, 
            "std_devs": 2
        }, 
        "fit": "linear", 
        "value": 0.0233436785041407
    }, 
    "Ar38": {
        "error": 0.0021455059442943326, 
        "filter_outliers_dict": {
            "filter_outliers": true, 
            "iterations": 1, 
            "std_devs": 2
        }, 
        "fit": "linear", 
        "value": -0.011575013291518416
    }, 
    "Ar39": {
        "error": 0.009954754392435624, 
        "filter_outliers_dict": {
            "filter_outliers": true, 
            "iterations": 1, 
            "std_devs": 2
        }, 
        "fit": "Parabolic", 
        "value": -0.06264452784926526
    }, 
    "Ar40": {
        "error": 0.021842003659716665, 
        "filter_outliers_dict": {
            "filter_outliers": true, 
            "iterations": 1, 
            "std_devs": 2
        }, 
        "fit": "Parabolic", 
        "value": -0.5600434459102461
    }, 
    "PM41": {
        "error": 0.0621168243133295, 
        "filter_outliers_dict": {
            "filter_outliers": false, 
            "iterations": 1, 
            "std_devs": 2
        }, 
        "fit": "linear", 
        "value": -0.18495044163537788
    }
}