{
    "Ar36": {
        "error": 0.0001583492254742038, 
        "filter_outliers_dict": {
            "filter_outliers": true, 
            "iterations": 1, 
            "std_devs": 2
        }, 
        "fit": "Parabolic", 
        "value": 0.0039419060891501935
    }, 
    "Ar37": {
        "error": 0.004936043560775208, 
        "filter_outliers_dict": {
            "filter_outliers": true, 
            "iterations": 1, 
            "std_devs": 2
        }, 
        "fit": "linear", 
        "value": 0.033730811880250525
    }, 
    "Ar38": {
        "error": 0.002160177496516341, 
        "filter_outliers_dict": {
            "filter_outliers": true, 
            "iterations": 1, 
            "std_devs": 2
        }, 
        "fit": "linear", 
        "value": -0.022603290102405988
    }, 
    "Ar39": {
        "error": 0.008956342045460818, 
        "filter_outliers_dict": {
            "filter_outliers": true, 
            "iterations": 1, 
            "std_devs": 2
        }, 
        "fit": "Parabolic", 
        "value": -0.04095182287624746
    }, 
    "Ar40": {
        "error": 0.021361159275307413, 
        "filter_outliers_dict": {
            "filter_outliers": true, 
            "iterations": 1, 
            "std_devs": 2
        }, 
        "fit": "Parabolic", 
        "value": 0.16297046121874476
    }, 
    "PM41": {
        "error": 0.06372500379143643, 
        "filter_outliers_dict": {
            "filter_outliers": false, 
            "iterations": 1, 
            "std_devs": 2
        }, 
        "fit": "linear", 
        "value": -0.1671269266377744
    }
}