{
    "Ar36": {
        "error": 0.0001790629426141835, 
        "filter_outliers_dict": {
            "filter_outliers": true, 
            "iterations": 1, 
            "std_devs": 2
        }, 
        "fit": "Parabolic", 
        "value": 0.0043311867675588
    }, 
    "Ar37": {
        "error": 0.004843868017673982, 
        "filter_outliers_dict": {
            "filter_outliers": true, 
            "iterations": 1, 
            "std_devs": 2
        }, 
        "fit": "linear", 
        "value": 0.03606727250163411
    }, 
    "Ar38": {
        "error": 0.0022169238456410238, 
        "filter_outliers_dict": {
            "filter_outliers": true, 
            "iterations": 1, 
            "std_devs": 2
        }, 
        "fit": "linear", 
        "value": -0.02042817994442195
    }, 
    "Ar39": {
        "error": 0.00927441568760167, 
        "filter_outliers_dict": {
            "filter_outliers": true, 
            "iterations": 1, 
            "std_devs": 2
        }, 
        "fit": "Parabolic", 
        "value": -0.05596020645888815
    }, 
    "Ar40": {
        "error": 0.02144007213707356, 
        "filter_outliers_dict": {
            "filter_outliers": true, 
            "iterations": 1, 
            "std_devs": 2
        }, 
        "fit": "Parabolic", 
        "value": -0.7165234692639125
    }, 
    "PM41": {
        "error": 0.06451171449320414, 
        "filter_outliers_dict": {
            "filter_outliers": false, 
            "iterations": 1, 
            "std_devs": 2
        }, 
        "fit": "linear", 
        "value": -0.18340671477430354
    }
}